,R_1M,R_3M,R2_3M,AboveEMA50,Vol20(ann),MaxDD_Pct,R_10D,R_5D,EMA20_SLOPE_10D,EMA20_CURV_20D,UNDER_EMA20_DEPTH,UNDER_EMA20_DAYS,DOWN_STREAK_5D,FMS,Filter_Status,ΔFMS_1D,ΔFMS_5D,R_1W,R_6M,R_YTD
DK,0.43081550108117095,0.6531235090514949,0.6363014225004333,0.22971181482993241,0.4884231470177796,-35.465098591558345,0.12119351843553017,0.08553020387880506,0.01140403206076067,0.003410449187005303,-0.07397046353865855,16,1,0.6375280668209202,정상,0.23102360242428388,0.5369525887119062,0.08553020387880506,1.222663993475905,1.1726202707744542
VCTR,0.13793191428679186,0.3766359419841909,0.7475398575458573,0.14553528687554484,0.3528392239101219,-14.882069473475724,0.09787450468838266,0.11209701320080656,0.0046572385515320424,0.005066470717432179,-0.02656416087147151,6,1,0.20317603595735512,정상,-0.016252317586996634,0.8626276139122073,0.11209701320080656,0.4756724799524248,0.6689936415645883
MGNI,0.07366974376499424,0.44257488545728263,0.8989284285003728,0.12342613661108981,0.5263707038282197,-56.207913613468506,-0.06436647440827581,-0.07243780630146024,0.006971354079265733,-0.005796758663657511,-0.0491505034432691,3,2,0.05554527547777885,정상,0.0017679786396056774,-0.6835587873841509,-0.07243780630146024,0.40122048739055494,0.26793875806554057
PTGX,0.1652602079924217,0.2697140856021929,0.7634267098719674,0.10778436895227927,0.44818547446360807,-18.745579305951352,-0.03936909989597648,-0.051773194472459316,0.007089406327893832,-0.004298997038913468,-0.0540954993167998,19,1,-0.023204245170279303,정상,-0.1994589106410345,-0.26071378149921653,-0.051773194472459316,0.5826941631641076,0.5623275869645608
DRTS,0.21595459796264072,0.4859040110601138,0.7160545524823374,0.08354065084723494,0.7464669127035749,-21.78242301377349,-0.14000624846387533,-0.0951868254679219,0.006704615167905404,-0.006786497189421403,-0.07175937694627543,16,1,-0.09946755054708878,정상,-0.0025693464832793333,-0.6788836623532366,-0.0951868254679219,0.8409382139097374,1.4806002947517238
WERN,0.13800006063505177,0.3970871715772708,0.7960213972209921,0.09680119086150318,0.30737098346543545,-27.06477570452972,0.022887958779353346,0.015304932014148287,0.0017355636786744422,-0.0017954613942249718,-0.04294274666217357,6,1,-0.28849806385124044,정상,0.4111057297780447,0.008909717131058814,0.015304932014148287,0.3735349428841028,0.6033434476024813
EIX,0.09566077341093249,0.13504101488242992,0.8788326745585419,0.05662393501871987,0.22920664518090048,-11.591101731829001,-0.0002984324125041571,0.033756956345310396,0.001494326006917427,-0.0027312738720749277,-0.04334908501556589,16,1,-0.47498947682358106,정상,0.2753877843404571,1.2357596329372553,0.033756956345310396,0.3304467232112951,0.3967157538982704
BY,0.08629484893904715,0.17753733362227386,0.8598805970611528,0.07229747165755329,0.22608208347606806,-10.572310206485213,-0.009537087200433891,0.030371112313288817,0.0006149426452302783,-0.0064275862024976045,-0.02304117614682588,10,2,-0.8528824650797783,정상,0.3179483631856975,0.46240561745555897,0.030371112313288817,0.24187116429867506,0.3831386401166763
DBX,0.13407870540275835,0.26795884927059843,0.7107184015172001,0.08868007458150462,0.34976245049827387,-28.241658743171794,0.021098863927182743,0.02355087390370736,0.004290181120114928,0.002605842854899949,-0.04235594996079628,8,0,-0.9159224500630033,정상,0.23984234817236383,0.14374909532221325,0.02355087390370736,0.17556606932215146,0.13210850273611952
SKWD,0.13862321812932676,0.2752106323827408,0.7677227672066218,0.08087962947072436,0.4701241739928833,-19.92459971193187,-0.08827894605310294,-0.03821989374379042,0.003972100206972025,-0.010431685569517783,-0.046482453333214546,17,2,-0.9340460291670734,정상,0.1928365137393011,-0.35771734995270843,-0.03821989374379042,0.2969374623701895,0.18242266308131505
CWT,0.12219321480008949,0.12021474633458173,0.6907622501540643,0.07090270210636995,0.270169500179696,-13.523267076863421,-0.021115680850533614,0.03348237345967253,0.0019586966713346777,-0.004359941247055911,-0.06909502611677731,15,2,-1.293135668404215,정상,0.311909199075425,0.40610502337068355,0.03348237345967253,0.17447287600142714,0.2435307330944434
RDVI,0.007550919105321574,0.09361062572324252,0.8176162753856361,0.015685492255958833,0.13337149500357823,-6.120599796943871,-0.03931464485344249,-0.003892682673790504,-0.0006678935129780635,-0.004417846363976988,-0.015635809670345835,12,1,-1.352507512040873,정상,-0.03607355316836314,0.06723882372013712,-0.003892682673790504,0.11753731934012013,0.1982555476661041
FMS,0.005313495102483579,0.09669197235095939,0.7402709844472924,0.03258482684260078,0.24408667573867918,-23.91710376635713,-0.019486577914394454,-0.00396550977832677,0.0017914483011145384,-0.0010920182235910217,-0.10407343694363147,20,2,-1.4244551197929007,정상,-0.015226386006770287,0.008689590570074346,-0.00396550977832677,0.16254856786785954,0.08744355998200537
TMSL,-0.0017546539615321821,0.07515406730597562,0.7874272390217979,0.0035429228913215205,0.16633966623638127,-7.995641267039866,-0.05089191009115002,-0.01666998148632237,-0.001305550795096921,-0.004758407597206995,-0.023326636136931977,11,1,-1.555311491926358,정상,-0.08837934709549211,-0.39627329622190444,-0.01666998148632237,0.12272431031040698,0.2374209594489427
SPYD,0.036846284439209454,0.09223986427746222,0.8153830105883484,0.02393495719568217,0.17784412092841115,-5.725774467004463,-0.020126705114850596,0.021586489748610438,-0.0004714526784501171,-0.002861104880640821,-0.015868415252472734,11,2,-1.571791104753516,정상,0.10962966693209086,-0.011447826655080595,0.021586489748610438,0.12785007298671247,0.20977586553810257
UWM,0.017426227535666028,0.13480847467185542,0.7709124239327224,0.016115522151318507,0.20345799050342325,-20.045167038136814,-0.057228216451534086,-0.024028256269288506,-0.0014834842870274387,-0.006793806126695166,-0.03032783878577272,11,1,-1.5994189884905672,정상,0.12007544381698909,-0.5668405703726975,-0.024028256269288506,0.18258034410365553,0.431459449277692
CLH,0.06346637194869054,0.037654759388933146,0.039966316145638656,0.03540605041965206,0.18569791895292082,-17.16991031664391,0.021425753343446097,0.016948960428787796,0.0011555270030631276,-0.0022813467223094753,-0.08307706798269043,20,1,-1.624995221253207,정상,0.1505545754065123,0.3172139854761975,0.016948960428787796,0.19423234118186206,0.36898674485450256
CP,0.06980912757976898,0.1560580733102308,0.5929471281442348,0.042264611613779035,0.2033271726663012,-10.558252421911018,0.013575498765902472,0.01682825585168546,0.0012527033455842903,0.0010145561448199909,-0.034246941503559,11,2,-1.65670470685027,정상,0.18704524070085604,-0.009852687272670302,0.01682825585168546,0.3034936167909774,0.30979822064179663
DYNF,-0.009928431568189122,0.07845501310607106,0.7317155232497924,-0.0029285740241707936,0.1209784279464687,-6.492582708419858,-0.03771440404632076,-0.0157854464614422,-0.0006520617532492455,-0.0021003020111087347,-0.01883536732247082,8,2,-1.8052619658680982,정상,-0.3973909137815137,-0.08519465146458893,-0.0157854464614422,0.12781980010341054,0.1516578961588264
MTCH,0.1283289947102073,0.13782867077285244,0.37811856865109295,0.08323322618928408,0.37252598393285535,-20.95937094103887,0.023549053001880482,0.012980112988993486,0.0033171544673256735,-0.001254316241219924,-0.02947246968730899,15,2,-1.8264654518165235,정상,0.2716957880222033,-0.36054951653585876,0.012980112988993486,0.3216481151145838,0.3123425453114439
DNLI,-0.048210956651569714,0.12252006928424275,0.7424645644584383,-0.02753805110010632,0.6296118224227331,-21.67306354896659,-0.1572210063886994,-0.17417495890831336,0.0016952378975727965,-0.012047660864119028,-0.10096390569967462,23,1,-1.8379783320553846,정상,-0.40180657082878324,-2.010723317676686,-0.17417495890831336,0.22900577425535462,0.42297698533098904
GEN,0.11021264709922418,0.3489168765796842,0.6556020525240686,0.0759736960836137,0.38502000851341694,-39.90934845965627,-0.030070315417989324,0.027390297534734875,0.002114743879363936,0.0004129445323428722,-0.047791748838080905,18,1,-1.8414928033089533,정상,0.3653767476262453,0.3072086987178224,0.027390297534734875,0.08949189122399082,0.03775162864236936
MLPX,0.04450736731697025,0.11283919376387996,0.3666211452272187,0.015222173471453049,0.23615730816072367,-9.337803447012538,0.001957113775580721,0.00424859644708131,0.00043127868725342144,-0.0012690889450737552,-0.03418184532653823,20,1,-1.8497046002273452,정상,0.07834247061280442,0.1784986966573494,0.00424859644708131,0.25406078898066764,0.33184386424440393
CGCV,0.016342722951855126,0.08036992378798313,0.8397094299115618,0.00827456789925396,0.10020637546807398,-5.469582002004403,-0.0382129932861458,-0.006908772342448022,-0.00034807530686295864,-0.0028021115433067047,-0.014450502545322541,9,3,-1.8786917450552658,정상,0.041783833852075736,-0.6487014322676854,-0.006908772342448022,0.0857158631270083,0.13155675435780845
LNG,0.10088491675691236,0.0435099829742811,8.599965672416303e-05,0.03181652910690702,0.30081545777880525,-24.748900142407727,0.00845448297533391,-0.020072131642137725,0.00438968258401293,0.002095772499524946,-0.09480437734667213,30,1,-1.9545733347718575,정상,0.11023881677562808,-0.1709555128345588,-0.020072131642137725,0.2627555365161989,0.38395736243121315
AFG,0.03862353017490361,0.09886802216364088,0.7091169861178092,0.013196293446986473,0.2261200556159008,-11.331771478195996,-0.05530963179455728,-0.021705276828461018,0.0006062005093828441,-0.0038342972376413918,-0.028024347684499684,14,2,-1.9953479637255231,정상,0.03319615510216245,-0.5423729122742746,-0.021705276828461018,0.09786390271157974,0.09192404477701799
AVB,0.08049739366732811,0.13494124635551752,0.6741707845152689,0.03595788007030776,0.25781534368654857,-13.33005484121399,-0.0346756719679332,0.020108487983397927,0.0006203741012432471,-0.0028973713691774526,-0.029032263313683138,11,2,-2.0071214068168604,정상,0.14015837524829733,-0.2730853839818008,0.020108487983397927,0.1212467770327077,0.13740066524620254
SSB,0.06950606131804782,0.06224170637802162,0.6215113214687433,0.04426727748056902,0.21888658032549702,-17.051873529909923,-0.0034584240057925486,0.037678233604948375,-0.0003159932396718767,-0.00456772412418652,-0.03246127704162516,21,1,-2.18243976552421,정상,0.19877208547795266,0.7115016544305321,0.037678233604948375,0.05459822730648356,0.15823797378149695
TSPA,-0.0029559225740316553,0.07548709581652924,0.6562930925055216,-0.000986072171435759,0.11034465981767219,-6.599367523650212,-0.029409396944031108,-0.012239514502501603,-0.0006508328648250802,-0.0015987825018840558,-0.014574626518698786,10,2,-2.236638567407068,정상,-0.5048414882093888,-0.5554028079964699,-0.012239514502501603,0.111954709450099,0.1478622557900735
PKG,0.0041210832464830816,0.1197838560455855,0.667319690753692,0.015425074634124902,0.27969571777203467,-14.636497796507864,-0.05900567227188758,0.03064764260455166,-0.002971109147641275,-0.008608498829972286,-0.04959245855077188,12,2,-2.279268849580711,정상,0.2906874908545922,0.45867487608589785,0.03064764260455166,0.08328397996396264,0.187657557036772
ENOV,0.32422147709152793,0.08387069331951502,0.0003941979586539514,0.1682380029441859,0.9188660433183007,-34.89533556967221,0.19480923282143925,0.10030854404389156,0.00852834238082512,0.01000152754361815,-0.09129874679584582,31,1,-2.3308229603284976,정상,-0.08565129731525101,0.4283575144642646,0.10030854404389156,0.19214245294958854,0.08906481103283337
SGRY,0.1501982606885699,0.17952949597619838,0.5679929591972319,0.07495452535473146,0.47691889053803643,-47.75009458893239,-0.07507456979737204,-0.01907143983657633,0.0011345489245734803,-0.008529331886019943,-0.06537213323272673,15,2,-2.3840000960275063,정상,0.6447074944431588,-0.7794098038363926,-0.01907143983657633,0.08175879375087702,0.11319271607547576
FENY,0.031896539486432784,0.04998057632269215,0.11414611927174023,0.004543069486867113,0.22729852837581943,-14.088724085006765,0.022710686579615613,0.026902048891781716,0.0004402156869644678,0.002442789127349674,-0.04979684152463815,31,1,-2.389024815091445,정상,0.05050912615999703,0.4460503514561407,0.026902048891781716,0.19003596348036877,0.3365967362627693
CUBE,0.0458731760920037,0.07455426986899272,0.6357227604821469,0.03488805467566669,0.29680382262844013,-14.429234371454669,-0.016805954260225686,0.045239244969266235,-0.001011992995153414,-0.0023983250144060386,-0.02687180041516468,16,2,-2.417167512553415,정상,0.42917880920599893,0.35055734963819063,0.045239244969266235,0.11622305650304221,0.2589193210173175
FSS,0.03260791369019711,0.052871901297859125,0.22190729524982014,-0.004685459857122876,0.4223576094567851,-16.430841932266137,-0.12695418656687119,0.010666095365863715,-0.0034336034711057108,-0.01265816408645682,-0.06418204127502314,30,1,-2.8365590768664557,정상,-0.03032371758423036,0.4707886526383973,0.010666095365863715,0.05191122140321314,0.14051321971739728
SGOV,-0.013486298430330668,0.023215027782911957,0.5738081812201249,-0.01400028749520743,0.0851567099292646,-4.365956984287822,-0.04123084511910158,-0.010719166551563908,-0.001257448930964414,-0.002560007364204205,-0.019637449524485873,22,4,-3.216741933921878,정상,-0.287191866221967,-0.34004048119811436,-0.010719166551563908,0.023431728213774816,0.053695279510561855
DECK,0.014409095022327234,-0.0041739252498324,0.16717206390979103,0.012797339801640994,0.35338070769689595,-34.09717402679194,-0.0025767729935016748,0.03382118048412219,-0.0008742313286913432,0.002082129744164149,-0.07154217977767718,31,2,-3.3362945524189906,정상,0.08317595606034933,-0.11948876516561713,0.03382118048412219,0.07564463903676422,0.08702227765529624
BZH,0.2194457711592135,0.48150982898992867,0.8147912336847902,0.2000013340665836,0.5699069018646025,-33.54608334721787,0.1361626173339454,0.0480775950642911,0.009064278253931336,0.0024801674189456526,-0.1566744465191401,8,1,-999.0,치명적 변동성 (1일 30% 초과),0.0,0.0,0.0480775950642911,0.3764789221298317,0.6979933826377602
LQDA,0.07846394903743437,1.0273873332944818,0.8557278110632649,0.09310830166761885,0.634291369202211,-36.21960713338428,-0.0866894543490786,-0.08641707884757477,0.0021861330201046586,-0.01120346231089991,-0.06933613485141854,7,1,-999.0,치명적 변동성 (1일 30% 초과),0.0,0.0,-0.08641707884757477,0.8929446869733442,1.2556629672735182
